,genus,species,count,centroid_x,centroid_y,std_x,std_y,radio_dis
0,Pitangus,sulphuratus,990,-75.15098613963038,1.266221047227926,20.941189136190523,20.51356532883518,26.558254377565582
1,Nyctidromus,albicollis,808,-74.85352132169575,3.5704592269326683,19.833621990987396,16.94551212780576,22.603388038857204
2,Tyrannus,melancholicus,787,-82.58937784974094,8.028237823834196,21.60931578637734,20.092033040147214,25.642615593457123
3,Rupornis,magnirostris,709,-71.41861041055718,-1.4082571847507332,17.376952784146514,16.499569365446348,21.2338296031659
4,Coereba,flaveola,610,-63.336363884156725,-0.4176608177172062,14.635697782688442,15.250014019967237,19.951732688739636
5,Leptotila,verreauxi,572,-73.84795815602837,-2.4984054964539006,20.535120912300187,20.91164653240797,26.932254689364193
6,Myiozetetes,similis,543,-77.5395824662813,4.540382080924855,21.89941422829673,16.75625414247621,24.351062618956306
7,Tolmomyias,sulphurescens,525,-60.621946470588234,-9.899269803921568,15.87668354386324,13.782010045262478,19.309556133482857
8,Megarynchus,pitangua,514,-68.82507834645669,-2.8335584645669294,18.856117285910248,16.41179524986141,23.416139172771103
9,Henicorhina,leucosticta,499,-80.3270769547325,7.090279012345679,8.380312759534517,6.852786018260734,9.203452586058999
10,Vanellus,chilensis,487,-63.88033622881356,-15.955925635593221,12.772705665439672,18.282399840590635,21.293138258587877
11,Camptostoma,obsoletum,478,-62.911152801724135,-10.860360129310344,13.921017918671573,13.722845558843835,19.046314187012545
12,Megascops,choliba,470,-61.272460706401766,-13.00196114790287,13.213955980982005,15.115038339725848,19.341108167898934
13,Herpetotheres,cachinnans,467,-73.15738630434782,2.346412173913043,18.7254929135253,14.550111389443018,20.66865475369446
14,Tapera,naevia,431,-62.93936753554502,-11.275961374407581,15.223629475503065,16.21477051730208,21.208272268820224
15,Dendrocygna,autumnalis,424,-82.57848854415273,17.25313031026253,18.470124595780064,18.26827369320759,21.837572042372642
16,Sicalis,flaveola,419,-62.634990640394086,-16.74709458128079,20.228344444901744,15.821730586072011,20.728680423546134
17,Falco,sparverius,409,-92.56025985037407,24.02966982543641,21.171040679448954,22.764858624941603,27.42054413711623
18,Setophaga,pitiayumi,397,-70.72599663212435,-7.427720725388601,19.445438225981977,20.146917951935123,25.013399498537268
19,Nyctibius,griseus,383,-61.07374391534392,-8.967985449735451,11.492884336708556,12.54365756422946,15.483704741713451
20,Volatinia,jacarina,380,-75.34576495956874,1.3830048517520213,19.644333430554315,16.540597166756523,22.411208859152087
21,Cantorchilus,leucotis,379,-64.29447493261456,-2.388775471698113,11.06545665377843,10.414632088141142,14.20753954737466
22,Myiodynastes,maculatus,377,-61.15769320652174,-13.050316304347826,13.649778610952797,14.786002508077178,18.777024172616013
23,Aramides,cajaneus,365,-62.55821504178274,-9.24527938718663,14.60125147582669,15.435426961604936,20.36268168610574
24,Ardea,alba,340,-20.587025147928998,24.88610857988166,66.09605102744847,25.746929427867048,63.51685409992655
25,Dryocopus,lineatus,330,-66.92872570532916,-3.834068338557994,18.508196151124313,15.133246800204308,21.739824041381823
26,Legatus,leucophaius,324,-65.482275,-4.9482072784810125,15.592916575107674,13.568211859444247,19.143205601171204
27,Crypturellus,soui,323,-68.04055541401274,-0.7087019108280254,14.758394362414466,9.519786040823279,15.698919210787405
28,Ramphastos,ambiguus,311,-80.4455237012987,5.895918181818181,3.6144684216664498,4.778312129433655,5.745316111368284
29,Cacicus,cela,302,-67.7502929054054,-3.652585135135135,11.273690033980923,7.999356945948715,12.564617685838101
30,Saltator,maximus,298,-65.87761358885017,-4.011403832752613,16.94851034626792,11.155737608643918,18.75919981431449
31,Crotophaga,ani,287,-65.38163862815884,-1.471874007220217,14.285342344378343,16.43170421047749,20.27590101527062
32,Thraupis,episcopus,280,-76.6144057553957,2.3815424460431656,9.091646170727708,7.591169692714948,9.31784533594703
33,Poliocrania,exsul,270,-80.31817034220533,6.137894676806083,3.002616849980966,3.934432789762454,4.747378882544957
34,Elaenia,flavogaster,267,-63.59480961538461,-4.658363461538461,16.36932309518748,13.632755481069355,20.331923450980298
35,Galbula,ruficauda,261,-62.04707786561265,-4.398069169960474,16.942106378564414,13.160078775131478,20.418627794843648
36,Todirostrum,cinereum,260,-65.9110276679842,-2.8165328063241106,17.56874602415129,13.033824150985204,20.548165243146524
37,Manacus,manacus,246,-57.48180753138076,-8.630046861924686,15.699675335353534,12.087121210025044,19.392038065940135
38,Milvago,chimachima,238,-61.68131991341992,-6.225144588744588,14.266941184028244,14.072168652689726,19.485667578414674
39,Tringa,solitaria,237,-87.25834935622318,27.146032618025746,25.989008184020978,26.456896991686715,31.498767740221478
40,Myiozetetes,cayanensis,236,-66.04640608695652,-2.6628317391304344,12.10218975307891,9.594843813681857,14.734795417616272
41,Certhiaxis,cinnamomeus,235,-52.14194978354978,-15.32615411255411,8.737821938057634,11.112597583962495,12.24787253415341
42,Pionus,menstruus,230,-66.84073856502242,-2.1236811659192827,12.619379378958476,8.364003192772204,13.857804312397533
43,Psarocolius,decumanus,229,-63.36839069767443,-7.088749302325583,12.615031909967366,12.22849478570772,16.704037754821986
44,Thraupis,palmarum,224,-61.888123720930245,-4.364180930232559,14.767590527085648,11.042251646730813,17.47573701251415
45,Megaceryle,torquata,222,-70.87672764976958,-2.358467741935484,18.61939721967466,20.252409130448406,25.059455721818196
46,Brotogeris,jugularis,218,-81.29049953703705,9.823579166666669,6.677907388951756,3.3072105272925234,6.482202196104837
47,Dendroplex,picus,210,-60.7694094059406,-3.9740648514851484,13.263737471229724,8.13122972701956,14.532068050498818
48,Pulsatrix,perspicillata,201,-67.136546,-2.3411645,15.69256745408106,11.49098334177236,17.918361934840206
49,Tolmomyias,flaviventris,188,-52.378446774193556,-7.945870430107527,13.47377636637523,10.333722723010382,15.519912376422546
50,Dendrocincla,fuliginosa,186,-69.75006263736263,-1.093602197802198,11.172310032683757,6.2395167497695265,11.890090356913529
51,Sporophila,nigricollis,185,-62.97809005847953,-4.456796491228069,14.992437676658781,9.662083894733914,17.441212271682012
52,Donacobius,atricapilla,176,-57.34244712643679,-11.418679310344826,12.45633766196203,10.620835681232098,15.419206124017682
53,Caracara,plancus,169,-64.52404629629629,-7.961101851851853,19.146312830409244,21.97923115895884,27.247567186824323
54,Butorides,striata,169,11.109296969696967,-1.6224806060606067,80.673098415212,21.43157008221084,79.13013372006046
55,Setophaga,castanea,167,-81.72463987730062,42.11476441717791,14.810889423222948,8.267930135023496,12.941209412111254
56,Asio,clamator,164,-60.08498544303798,-15.365298734177216,13.429840361666683,15.360080102091155,19.139943358813646
57,Progne,chalybea,164,-66.43668853503183,-7.266505095541402,16.246628696918552,16.89172346829656,21.916420274585775
58,Xiphorhynchus,susurrans,162,-79.05200127388535,8.715542675159236,5.1502129952737175,2.204015543259716,4.343912353603878
59,Leptopogon,amaurocephalus,158,-58.38667852348993,-12.093902684563758,14.624492598793168,13.152621489774628,17.728268845062694
60,Euphonia,laniirostris,153,-76.32151788079472,0.7838384105960265,5.049126243800923,6.551520950179723,6.692312631621806
61,Patagioenas,cayennensis,151,-64.29255472972973,-5.392715540540539,13.31871642451072,12.100374679807151,17.025929495558774
62,Ara,ararauna,149,-61.246822602739734,-8.455793835616438,14.109201126340578,9.792270773688603,13.58086637219087
63,Amazilia,tzacatl,148,-81.95259310344828,7.416942758620691,4.923421940195034,5.843872262402315,6.7578129248027095
64,Porphyrio,martinica,147,-73.17542340425533,8.461608510638298,18.180125348785065,21.23861234359458,25.71460240542057
65,Ortalis,columbiana,145,-75.0351811188811,5.569693006993008,0.964091880755463,1.2367960781115925,1.3718736899084085
66,Campephilus,melanoleucos,144,-64.61920979020978,-5.104971328671328,11.9720865280572,9.903855671881416,14.784176268997717
67,Amazona,ochrocephala,142,-70.30768115942031,2.048768115942029,10.287437239413052,8.07640032899564,10.46309719947893
68,Ara,severus,139,-69.80272101449275,0.022797826086956397,7.695649280161749,8.921990565454982,10.820540959758466
69,Columbina,talpacoti,138,-61.6816588235294,-6.274283088235294,18.719735829244144,14.697481943284366,21.977078747675893
70,Ceratopipra,erythrocephala,134,-67.8856947761194,1.6893089552238805,8.272726783243636,3.869049802811566,8.43828261798569
71,Jacana,jacana,133,-59.451208527131776,-11.554877519379843,13.115765771914567,13.49925622704055,18.022618940301317
72,Chloroceryle,americana,132,-77.76689212598424,2.4459842519685036,22.77306734786016,21.536195406603404,28.015847842688544
73,Crotophaga,major,127,-58.27413801652892,-10.285409090909093,13.26345201391144,11.171571914854255,16.240144291771568
74,Formicivora,grisea,126,-48.95218015873016,-6.420620634920635,13.098323925062934,6.157018990760876,12.752169711500063
75,Machetornis,rixosa,114,-58.411140384615386,-15.942350961538462,11.840676567658942,13.748677431463076,15.355693929479868
76,Stelgidopteryx,ruficollis,112,-57.44740857142857,-11.848518095238097,13.040442438200541,10.486631356185347,15.338774655473792
77,Pheugopedius,fasciatoventris,110,-78.74884857142857,7.670860952380952,3.695682180190032,2.041948766555417,3.7939518079445054
78,Mesembrinibis,cayennensis,109,-60.95838396226415,-9.884469811320754,12.739465657088566,12.027913326792163,16.174030946342498
79,Tityra,semifasciata,109,-76.58679444444445,3.580269444444445,17.939445279801888,13.821530281569547,19.672450795866084
80,Tachybaptus,dominicus,108,-74.8685,2.2924688679245278,21.326827622601325,18.851712775853443,26.152534515049467
81,Egretta,thula,108,-85.4877576923077,15.577422115384614,24.666419529138008,22.484081623677312,29.250601881716737
82,Cyanocorax,affinis,108,-76.4487794117647,7.630669607843136,2.780687447071607,2.5645824477546486,3.4232427962674388
83,Buteogallus,urubitinga,107,-64.631975,-8.69132980769231,14.63018211614889,15.734185241438462,19.3368935952302
84,Zenaida,auriculata,105,-62.7928180851064,-14.607449999999998,13.756572709768262,13.339003717587726,18.556838035236037
85,Sakesphorus,canadensis,105,-65.20142842105264,5.181065263157894,7.932344997097751,4.191632179643742,8.436235825758354
86,Myrmeciza,longipes,104,-71.5862090909091,6.900014141414141,7.244803825704851,3.165509274807283,6.707168612651851
87,Schiffornis,turdina,97,-54.970106315789494,-9.213052631578947,14.906652887753179,6.112758699790258,14.556761548129254
88,Baryphthengus,martii,97,-76.22595263157896,0.23686736842105288,6.58189655351935,6.949609065634247,7.587425304526232
89,Tyrannulus,elatus,97,-67.72292795698925,-0.36656774193548397,10.663317258274565,6.32349515164975,11.430461775500882
90,Quiscalus,lugubris,94,-68.2628193548387,8.976145161290322,6.808452898084251,4.164127714890292,7.205251128536308
91,Campylorhynchus,griseus,93,-71.65278048780488,7.770778048780488,4.419226721824482,2.9525681136697943,4.495327086126459
92,Anhinga,anhinga,91,-77.69025274725274,19.33553076923077,10.906983733655641,15.867682984508338,15.03809153682109
93,Nannopterum,brasilianum,90,-81.65824567901234,6.723498765432098,24.155847650268356,22.374707405502534,29.595582815595932
94,Poecilotriccus,sylvia,90,-71.24864022988507,4.590452873563218,10.634116636437039,5.409546807942353,9.081036354226045
95,Melanerpes,rubricapillus,90,-75.59259438202247,7.405001123595505,4.316445751766836,2.722071535293877,4.579120956320984
96,Ara,chloropterus,89,-58.277126436781614,-8.602402298850574,20.155432747670112,8.793738039670021,12.65567432953045
97,Chloroceryle,amazona,89,-61.37103372093023,-10.800647674418606,13.162752220341135,13.299556277794215,16.950865468765944
98,Saltator,olivascens,85,-72.15982289156625,7.78513373493976,4.648198540679212,2.7059451384155895,4.565896715398989
99,Tinamus,major,83,-69.13685512820513,0.7108423076923075,11.5253569522079,7.86619531711845,13.098150542406481
100,Forpus,conspicillatus,81,-74.88100138888889,4.9630777777777775,1.1241854310879018,1.11424386646309,1.3339776006463353
101,Tigrisoma,lineatum,80,-60.014985897435906,-13.65231153846154,11.542629174751598,11.35676548030338,14.936845083082563
102,Tyrannus,savana,80,-57.23262337662336,-17.004724675324674,10.763801386970817,14.106183600221476,15.59428872202886
103,Chrysomus,icterocephalus,79,-71.12716206896552,2.327374137931035,6.991847217019796,5.649303795725641,7.563324226188964
104,Penelope,purpurascens,77,-83.64154285714284,8.843603896103897,7.792010164404897,6.560770044118526,8.197527596374659
105,Trogon,chionurus,75,-78.12431408450705,3.8531521126760566,1.7147869218673377,3.4802431015889552,3.710172580786182
106,Eupsittula,pertinax,74,-69.22849436619717,7.545170422535209,8.703381735075576,5.520760048419399,8.891458294619541
107,Coragyps,atratus,70,-68.46426811594202,5.58854347826087,18.10684818967428,21.986658330579612,26.670687959393984
108,Sporophila,minuta,70,-80.69225147058823,9.50423970588235,12.584523766661743,5.36180270456571,11.775212365233461
109,Pyrocephalus,rubinus,69,-80.69414307692307,2.462501538461539,23.637471977805262,24.56136727908277,31.266453624839755
110,Nyctibius,grandis,67,-70.64469701492536,-1.3343850746268657,10.573486380621345,8.969925852091313,12.086528386609015
111,Phaetusa,simplex,67,-60.358826984126985,-15.19147619047619,8.177310051778802,13.440032248729668,14.569982930585827
112,Pachyramphus,cinnamomeus,67,-78.1021090909091,5.238943939393939,3.4670094345575837,4.252730822236774,5.0689584221025985
113,Furnarius,leucopus,66,-61.10844545454546,-7.74841212121212,13.023212775971865,8.310400610945212,14.374764786846491
114,Icterus,nigrogularis,60,-70.35702321428572,7.394669642857143,6.400857561184146,3.224883195554733,6.182526349369087
115,Pteroglossus,torquatus,57,-85.62020892857143,12.560419642857143,5.983102388700221,3.5835710266446528,5.8521479884996195
116,Ramphocelus,dimidiatus,56,-76.67517924528302,6.981335849056604,2.9454975920315354,2.2684268472154168,3.6115849738940144
117,Notharchus,tectus,55,-64.12078333333332,-1.3761444444444437,11.431642326029875,7.172527001889885,12.907257099817373
118,Leistes,militaris,55,-65.05975454545454,-0.3049836363636363,11.122890804116414,6.51749532874997,12.13080266786119
119,Busarellus,nigricollis,54,-60.45073076923077,-10.719461538461534,9.609196717438863,11.588309014678307,13.349655063643555
120,Buteogallus,meridionalis,54,-54.62862156862744,-15.265611764705882,9.765903551950807,11.137141892971254,12.96441557565634
121,Colinus,cristatus,50,-71.40848181818181,5.953395454545455,8.632023276341751,3.725884657546845,7.494946448096116
122,Tachycineta,albiventer,50,-60.545946000000015,-6.989542,13.817166561407735,8.97075184361021,15.8045775616574
123,Colaptes,punctigula,48,-69.43097804878047,0.936951219512195,8.72627599758932,6.093035762970703,10.008177961547798
124,Momotus,subrufescens,47,-78.01726904761904,2.799354761904762,2.342757843560824,5.331984444043789,5.580875969419401
125,Ardea,cocoi,40,-61.42017948717948,-12.59490769230769,9.988879813487456,14.098510286685858,16.07753684107827
126,Sporophila,funerea,40,-80.6538875,7.031934999999999,4.402266406760697,5.772255465480977,6.610825382693376
127,Onychorhynchus,coronatus,40,-61.4489282051282,-5.300302564102564,10.616977830257483,4.516813733180707,10.533920868571105
128,Cochlearius,cochlearius,39,-78.46297435897436,6.022115384615384,13.96850539332842,11.583043313341175,14.964515543807698
129,Ictinia,plumbea,38,-53.43900270270271,-18.868099999999995,8.258670045423893,6.055015399136799,8.566757550087255
130,Picumnus,olivaceus,38,-78.07949736842106,5.611765789473683,4.505823340995097,4.321230069166852,5.394932950643431
131,Arundinicola,leucocephala,34,-48.934296969696966,-15.36087878787879,6.051128192203142,7.064635201363047,7.527123899010029
132,Platalea,ajaja,34,-75.5117382352941,10.538979411764705,16.262828439618957,24.207463069593903,27.17109318947135
133,Tityra,inquisitor,32,-59.16082580645162,-9.451954838709678,14.235583722873711,12.695089704210856,16.742974418167506
134,Chloroceryle,aenea,28,-69.53785,1.9482821428571424,14.68294321533128,10.820548848142513,16.18990543480134
135,Phimosus,infuscatus,27,-59.203663999999996,-10.273955999999998,12.431680613943714,12.534575721932676,16.720531257747986
136,Mycteria,americana,27,-75.7298962962963,16.58938148148148,9.441604493567247,19.064114653589677,17.85291946912753
137,Sporophila,intermedia,25,-73.25088,5.990452000000001,4.281510376210712,2.182076419948669,3.8387475685033707
138,Crax,alberti,20,-74.24713750000001,6.0197,0.037732377923339326,0.04984526055704811,0.05437203116401711
139,Fluvicola,pica,19,-70.60866842105264,6.822484210526317,7.861769429403793,3.4047352893879017,7.458902257522816
140,Hypnelus,ruficollis,17,-73.83313529411764,9.866441176470587,2.090743489187007,1.430589106157823,2.319424394389794
141,Chrysuronia,goudoti,15,-74.74947333333334,4.365073333333332,0.3257091943573101,0.9108407584692775,0.5079478470217726
142,Pyrilia,pyrilia,14,-73.9316857142857,6.8425499999999975,1.6534579016875697,0.7795435466164983,1.4109960427983235
143,Chauna,chavaria,14,-74.53880000000002,7.139000000000001,1.3143955840722277,1.1988042274342736,1.4951742023606924
144,Cathartes,aura,11,-75.91350000000001,14.778654545454545,16.31026725638012,32.705791663039065,34.96623037521808
145,Tangara,inornata,6,-79.5857,9.095266666666667,0.19636480506105797,0.08517747485234715,0.1814389170817615
