,genus,species,count,centroid_x,centroid_y,std_x,std_y,radio_dis,missings
0,Procyon,lotor,108,-87.43768055555554,41.58335462962963,20.27817907827625,4.715296155114919,16.78693052347824,0
1,Alouatta,seniculus,23,-74.1149,6.02764347826087,2.202302723336958,5.468260261675003,4.881427524635073,0
2,Puma,concolor,19,-115.57303529411764,39.1749705882353,5.705158778111281,10.108380247786528,10.938470234013966,2
3,Panthera,onca,15,-79.89063333333335,1.93936,5.132892082204295,7.740744820131975,7.399233459909554,0
4,Sciurus,granatensis,5,-76.33376000000001,9.5414,5.6177386199786845,0.8928740807079123,5.483753653316608,0
5,Lontra,longicaudis,2,-60.7289,-3.8565,21.5584,12.505499999999998,24.92292400201068,0
6,Cerdocyon,thous,2,-42.5295,-16.5963,6.1951,9.1603,11.05849718994403,0
7,Bradypus,variegatus,2,-80.935,8.74975,3.201999999999998,0.64255,3.265834426681792,0
8,Pecari,tajacu,2,-78.6399,4.024750000000001,32.118300000000005,27.51595,42.29317556406116,0
